user_id,first_name,last_name,gender,age
1,Bathsheba,Gallihaulk,Female,27
2,Abram,Idney,Male,15
3,Kaycee,Brolan,Female,27
4,Vonny,Budnk,Female,69
5,Odell,Switzer,Male,46
6,Menard,Whitlam,Male,11
7,Vitia,Peskin,Female,34
8,Hugo,Lipgens,Male,69
9,Roberto,Pawling,Male,18
10,Joete,Phelp,Female,54
11,Jordana,Florey,Female,61
12,Allx,Yetton,Female,30
13,Bernetta,Loveridge,Female,61
14,Concordia,Badcock,Female,55
15,Wayne,Stannering,Male,49
16,Donavon,Rudeyeard,Male,37
17,Orazio,Bengle,Male,66
18,Vanya,Medina,Female,57
19,Dieter,Frapwell,Male,10
20,Reina,Jickles,Female,38
21,Cate,Simonou,Female,45
22,Emmy,Gwyneth,Female,66
23,Koressa,Stag,Female,48
24,Kipper,Riveles,Male,58
25,Willard,Zeal,Male,48
26,Edwin,Lenard,Male,69
27,Gustavus,Frankling,Male,27
28,Richart,Lennarde,Male,48
29,Silvain,Lamberton,Male,31
30,Wade,Tumulty,Male,36
31,Amie,Cowthart,Female,32
32,Letisha,Hamner,Female,43
33,Rory,Jankowski,Male,49
34,Conchita,Tabor,Female,37
35,Sibilla,Whitham,Female,42
36,Lauren,Ratchford,Female,66
37,Raimund,Pittwood,Male,32
38,Deanne,Aimable,Female,20
39,Pauli,Stanman,Female,33
40,Mace,Thorwarth,Male,30
41,Keefe,Ringsell,Male,50
42,Cherilyn,Berzins,Female,69
43,Irv,Imlaw,Male,64
44,Alfredo,Kennon,Male,31
45,Eduino,Durante,Male,31
46,Marcus,Eley,Male,15
47,Francine,Lukacs,Female,14
48,Nadia,Stubbington,Female,42
49,Dianna,Hlavecek,Female,39
50,Arda,Capelin,Female,54
51,Allina,Elwood,Female,20
52,Isacco,Ramsbotham,Male,67
53,Emmy,Staines,Male,56
54,Ortensia,Kelcher,Female,25
55,Lelah,Tuminelli,Female,15
56,Dolli,Adame,Female,51
57,Neely,Ferroli,Female,62
58,Dori,Kibbee,Female,59
59,Ruperta,Bollis,Female,27
60,Allx,Gronav,Female,50
61,Cobby,Planks,Male,13
62,Jaimie,McMurthy,Male,14
63,Filberto,McGrayle,Male,43
64,Lucius,Teers,Male,25
65,Nikola,Hedden,Male,67
66,Henrietta,Prestige,Female,58
67,Callie,McKinney,Female,21
68,Trudy,Magenny,Female,28
69,Willy,Brummitt,Male,28
70,Josefa,Alforde,Female,68
71,Cointon,Memory,Male,15
72,Helaine,Frohock,Female,48
73,Weidar,Trusler,Male,38
74,Linette,Gillio,Female,65
75,Wynn,Tice,Female,27
76,Kristen,Ivanusyev,Female,55
77,Ebonee,Veltman,Female,26
78,Sigismond,Caverhill,Male,60
79,Rik,Mattersey,Male,18
80,Ron,Fransseni,Male,15
81,Libbi,Crummie,Female,64
82,Elliott,Hassey,Male,21
83,Daphne,Marklew,Female,39
84,Burlie,Slark,Male,47
85,Leanna,Gisbye,Female,61
86,Dru,Vaines,Male,55
87,Evaleen,Brumbie,Female,37
88,Lorrie,Cherry Holme,Male,65
89,Aristotle,Tathacott,Male,50
90,Alis,Rosenzveig,Female,42
91,Shelby,Kneale,Male,52
92,Eleanor,Feeham,Female,25
93,Inessa,Vinall,Female,14
94,Kingsley,Outlaw,Male,35
95,Winny,Cuardall,Male,23
96,Monty,Healeas,Male,38
97,Nanete,Aldam,Female,46
98,Jackie,Oran,Female,14
99,Emalia,Baldinotti,Female,38
100,Xerxes,Tolcher,Male,28
101,Serge,McMenamin,Male,47
102,Anet,Mepsted,Female,32
103,Vittoria,Cerie,Female,30
104,Borg,Birckmann,Male,36
105,Alec,Thirtle,Male,70
106,Galvin,Brabham,Male,61
107,Read,Risen,Male,65
108,Nixie,Pichmann,Female,56
109,Casi,Cussons,Female,30
110,Nomi,Davidavidovics,Female,25
111,Noreen,Dowsey,Female,47
112,Lexi,Gladding,Female,48
113,Orly,Rusling,Female,58
114,Del,Hatliff,Male,13
115,Bobbye,Kincey,Female,67
116,Rosemary,Glasscoe,Female,13
117,Gretta,Perl,Female,62
118,Winny,Seaton,Female,18
119,Mordy,Eastman,Male,37
120,Goldia,Klasing,Female,52
121,Brenden,Aingel,Male,48
122,Parsifal,Yanshonok,Male,13
123,Sarita,Heisler,Female,51
124,Randal,Grix,Male,35
125,Elysia,Coode,Female,58
126,Jess,MacAndrew,Female,43
127,Eadmund,Thornham,Male,32
128,Gnni,Schieferstein,Female,60
129,Laetitia,Welbrock,Female,12
130,Kaitlyn,Shale,Female,32
131,Kane,Maillard,Male,12
132,Shaughn,Poundesford,Male,53
133,Katuscha,Jacmard,Female,12
134,Mac,Hill,Male,24
135,Torie,Mursell,Female,65
136,Trip,Eick,Male,69
137,Zuzana,Grioli,Female,70
138,Brose,Gounel,Male,45
139,Danell,Geldeard,Female,49
140,Marietta,Sarson,Male,65
141,Dulcie,Jorck,Female,65
142,Greta,Ingreda,Female,58
143,Milena,Arundell,Female,50
144,Saunders,Nannetti,Male,26
145,Delano,Uc,Male,30
146,Reinald,Tuhy,Male,14
147,Roselin,Sellick,Female,33
148,Giovanni,Booy,Male,25
149,Sharron,D'Elias,Female,43
150,Siobhan,Wyd,Female,11
151,Megan,Jaine,Female,51
152,Louise,Yushachkov,Female,14
153,Selena,Eagan,Female,64
154,Hilary,Padmore,Female,36
155,Roanna,Lightwood,Female,26
156,Orazio,Crowhurst,Male,53
157,Gaby,Wymer,Female,51
158,Marcille,Cramphorn,Female,13
159,Sonnie,Botten,Female,54
160,Cissiee,Climson,Female,42
161,Kippy,Luthwood,Female,54
162,Kenneth,Cadd,Male,39
163,Guthry,Sherwin,Male,21
164,Bev,Vaisey,Female,21
165,Laurice,Benninger,Female,49
166,Kenn,Batchelour,Male,55
167,Mirna,Goggins,Female,54
168,Jo-anne,Binham,Female,19
169,Berton,Poulett,Male,47
170,Tan,Southerton,Male,58
171,Wrennie,Mulvany,Female,57
172,Keslie,Girardez,Female,50
173,Mirella,Winfindale,Female,59
174,Gun,Koppelmann,Male,27
175,Kenna,Gemmill,Female,20
176,Alfy,Tissell,Female,29
177,Merola,Ohlsen,Female,39
178,Rayshell,Union,Female,57
179,Myrtice,Seabert,Female,30
180,Sheffy,Kilpin,Male,34
181,Dawna,Hellin,Female,70
182,Annice,Ling,Female,56
183,Llywellyn,Sexti,Male,20
184,Sadella,Feavers,Female,67
185,Clay,Kirvell,Male,12
186,Inger,McCoid,Female,46
187,Wylie,Wollrauch,Male,39
188,Somerset,Kinnen,Male,43
189,Alexander,Cordeix,Male,46
190,Granger,Messier,Male,13
191,Toinette,Musk,Female,14
192,Anetta,Smallcombe,Female,11
193,Samantha,Louch,Female,31
194,Rubia,Garwell,Female,10
195,Jon,Siderfin,Male,27
196,Bordie,Antusch,Male,35
197,Andreas,Ramsdale,Male,27
198,Gregg,Waller,Male,25
199,Jacklyn,Duchateau,Female,12
200,Tish,Brookton,Female,25
201,Felice,Yakubowicz,Female,27
202,Denise,Dawidowsky,Female,25
203,Nevins,O'Carran,Male,64
204,Marrilee,Caunter,Female,39
205,Gerrie,Scheffler,Female,68
206,Aldridge,Pow,Male,31
207,Phaedra,McKirton,Female,54
208,Sisely,Stredwick,Female,26
209,Benedict,Kerwen,Male,24
210,Winn,Peattie,Male,64
211,Floris,Krienke,Female,55
212,Clim,Chapelhow,Male,56
213,Martie,Runnicles,Female,10
214,Luz,Woolhouse,Female,44
215,Nomi,Leavey,Female,26
216,Zea,Darkin,Female,66
217,Elka,Collier,Female,44
218,Sena,Fisher,Female,61
219,Alyda,Busby,Female,19
220,Elvera,Chadbourn,Female,46
221,Aggi,Brangan,Female,41
222,Arturo,Shand,Male,15
223,Tedra,Gulleford,Female,31
224,Hadleigh,Pattle,Male,28
225,Denice,Brightey,Female,32
226,Witty,McCaster,Male,64
227,Amandi,Mahon,Female,66
228,Felipe,Titterton,Male,29
229,Xylia,La Padula,Female,37
230,Berti,Carabine,Female,54
231,Winonah,Greedy,Female,36
232,Gerda,Piken,Female,60
233,Alic,Lesaunier,Male,36
234,Durant,Acom,Male,31
235,Allegra,Landell,Female,20
236,Etan,Figin,Male,46
237,Wernher,Wicklen,Male,35
238,Beckie,Aspinal,Female,19
239,Martita,Sutherington,Female,65
240,Garwood,Gress,Male,50
241,Elsbeth,Dinan,Female,55
242,Dulcia,Lambole,Female,13
243,Rosabella,Nashe,Female,29
244,Donn,Izon,Male,41
245,Cindra,Triplow,Female,25
246,Sascha,Vernazza,Female,48
247,Linc,Graeber,Male,31
248,Rockie,Baskeyfied,Male,67
249,Jaimie,Fellona,Female,58
250,Boothe,Dewdeny,Male,42
251,Manfred,Jacmar,Male,62
252,Margeaux,Pund,Female,64
253,Wayne,Thring,Male,15
254,Jaine,Basten,Female,50
255,Ignacius,Andryszczak,Male,37
256,Grayce,Phinnessy,Female,30
257,Tilly,Phare,Female,45
258,Sydel,Hardistry,Female,42
259,Wenda,Strahan,Female,57
260,Skipton,Gilluley,Male,32
261,Dillon,Giotto,Male,41
262,Emeline,Sighard,Female,53
263,Forbes,Marron,Male,20
264,Dimitry,Balentyne,Male,17
265,Granny,McIlwaine,Male,55
266,Maxi,Roisen,Female,68
267,Myron,Scinelli,Male,27
268,Cirstoforo,Swire,Male,12
269,Germain,Hubbins,Female,63
270,Abbey,Gault,Male,49
271,Ardene,Coldtart,Female,22
272,Xylina,Foulis,Female,13
273,Sidnee,Mishaw,Male,54
274,Hogan,Rigeby,Male,29
275,Ryon,Morriss,Male,62
276,Dani,Bounds,Male,67
277,Rosita,Ewols,Female,60
278,Tait,Zukerman,Male,45
279,Finn,Mayoh,Male,47
280,Orran,Curbishley,Male,31
281,Byram,Ritmeyer,Male,17
282,Noland,Sprowle,Male,35
283,Sibel,Walak,Female,21
284,Harli,Michelotti,Female,58
285,Eleni,Venny,Female,14
286,Gerek,Whilder,Male,32
287,Brooks,Cockshott,Male,58
288,Abran,Antoniak,Male,25
289,Harley,Houlridge,Male,55
290,Shelagh,Augustin,Female,51
291,Edythe,Dawidowicz,Female,60
292,Auguste,Forster,Female,14
293,Bethanne,Danilin,Female,24
294,Godfrey,Fauguel,Male,64
295,Kristos,Gianetti,Male,12
296,Janenna,Krammer,Female,23
297,Shawn,Kivelle,Male,32
298,Merwyn,Really,Male,22
299,Martyn,Staziker,Male,32
300,Lilith,Amies,Female,50
301,Devlen,McIlmorie,Male,44
302,Nickey,Kubat,Male,16
303,Wernher,Rowlett,Male,49
304,Neala,Yellowlea,Female,34
305,Marcie,Anstee,Female,11
306,Rozina,Collecott,Female,15
307,Munmro,Bettanay,Male,51
308,Dorelle,Dudin,Female,17
309,Javier,Tender,Male,14
310,Violet,Kubasiewicz,Female,24
311,Oswell,Arnaez,Male,33
312,George,Derr,Female,56
313,Xever,Joynson,Male,14
314,Web,Seccombe,Male,32
315,Orton,Avraham,Male,25
316,Dwight,Ceely,Male,25
317,Erika,Slemming,Female,46
318,Dan,Tadman,Male,62
319,Quinta,Schlagman,Female,25
320,Giuditta,Reeme,Female,32
321,Sherwood,Churly,Male,31
322,Trumaine,Sibbit,Male,51
323,Felicia,Bedlington,Female,19
324,Brina,Notley,Female,29
325,Annnora,Imlaw,Female,68
326,Rici,Trudgion,Female,68
327,Amelina,Darridon,Female,48
328,Eryn,Barkway,Female,68
329,Tommie,Habbes,Male,38
330,Elizabet,Partington,Female,30
331,Niels,Shaves,Male,64
332,Carissa,Fraczak,Female,32
333,Darnall,Berkeley,Male,24
334,Ryon,Denslow,Male,46
335,Burg,Schaben,Male,30
336,Thatcher,Brearley,Male,39
337,Leandra,Haysman,Female,17
338,Mavra,Shard,Female,38
339,Chrystal,Hazard,Female,39
340,Selig,Ewells,Male,46
341,Andrej,McIntosh,Male,36
342,Dela,Winterscale,Female,70
343,Tarra,Brennon,Female,49
344,Goldia,Cuolahan,Female,33
345,Tarah,Spurman,Female,29
346,Katuscha,Brazil,Female,13
347,Phyllida,Stannard,Female,53
348,Graig,Carek,Male,43
349,Salvatore,Grewar,Male,11
350,Kyla,Ashbridge,Female,28
351,Maximo,Sex,Male,24
352,Estel,Hospital,Female,58
353,Cyndi,Carty,Female,60
354,Mariele,Fairley,Female,63
355,Louie,Sedgebeer,Male,35
356,Luci,Giddings,Female,17
357,Nina,Pennington,Female,60
358,Marcie,Keggins,Female,56
359,Tabbie,Winning,Male,37
360,Enoch,Blunden,Male,11
361,Homerus,Lyard,Male,69
362,Jemmie,Gash,Female,29
363,Horton,Rubinowicz,Male,39
364,Natale,Ianilli,Male,51
365,Rosalinda,Morpeth,Female,20
366,Suzanna,Kembry,Female,37
367,Davin,Poltun,Male,40
368,Odie,Legonidec,Male,46
369,Anson,Lowers,Male,22
370,Opalina,Papez,Female,17
371,Eberto,Tuerena,Male,69
372,Germaine,Dowsing,Male,64
373,Maureene,Lahrs,Female,69
374,Dianna,Ozanne,Female,37
375,Sherlocke,Martinie,Male,60
376,Filip,Arundel,Male,59
377,Sonny,Broadhurst,Female,38
378,Charla,Lazar,Female,57
379,Jermaine,Marris,Female,13
380,Elvera,Matyushonok,Female,40
381,Eugenio,Risebarer,Male,48
382,Tamma,Hardwich,Female,17
383,Rosalia,Cluely,Female,27
384,Arch,Ridgedell,Male,60
385,Griff,Frantzeni,Male,19
386,Bettina,Picopp,Female,61
387,Gayle,Gooden,Male,35
388,Gustavus,Torra,Male,51
389,Byron,Libreros,Male,18
390,Virgil,Darragon,Male,23
391,Claudina,Eberlein,Female,21
392,Cecil,Scothron,Female,40
393,Terrance,Stripp,Male,58
394,Vera,Ceillier,Female,57
395,Gaelan,Vossing,Male,18
396,Kimball,Leile,Male,59
397,Fred,Menico,Male,23
398,Tawsha,Fevier,Female,21
399,Arlette,Wroughton,Female,24
400,Margaux,Snookes,Female,60
401,Lynnell,Jedrzejczak,Female,27
402,Trixy,Werny,Female,56
403,Ronna,Diament,Female,39
404,Dugald,Peverell,Male,21
405,Cletus,Marryatt,Male,18
406,Inna,Rubinovitch,Female,21
407,Wernher,Becconsall,Male,63
408,Sande,Fattorini,Female,31
409,Meredeth,Harnor,Male,19
410,Kev,Gier,Male,65
411,Gan,Gelardi,Male,40
412,Brooks,Kayes,Female,25
413,Iain,Perrygo,Male,54
414,Merlina,Andriolli,Female,70
415,Wilona,Arundel,Female,29
416,Rodi,Cruttenden,Female,48
417,Jenny,Rockey,Female,39
418,Mirabelle,Arsey,Female,24
419,Steffane,Germaine,Female,27
420,Carver,Signorelli,Male,20
421,Sandi,Flement,Female,27
422,Aurore,Congreve,Female,67
423,Myrle,De Filippo,Female,47
424,Irene,Torrent,Female,10
425,Fonzie,Steggles,Male,29
426,Kylie,Deans,Female,24
427,Harlie,MacDonagh,Female,34
428,Donny,Norridge,Male,60
429,Orv,Figliovanni,Male,32
430,Budd,Hartridge,Male,13
431,Mead,Sertin,Female,62
432,Virgie,Vina,Male,36
433,Tommy,Gibling,Male,70
434,Madelin,L' Estrange,Female,52
435,Rube,Blindmann,Male,65
436,Shay,Swinnard,Male,49
437,Sonnie,Bartkiewicz,Male,24
438,Olwen,Franks,Female,42
439,Jordana,Jelf,Female,53
440,Genna,Wilshire,Female,67
441,Braden,Dollimore,Male,26
442,Malissa,Monni,Female,31
443,Silvana,Barles,Female,18
444,Meryl,Jindrich,Female,54
445,Noble,Cheal,Male,44
446,Ferdy,Yorkston,Male,44
447,Mimi,Fraschetti,Female,66
448,Paolina,Fransewich,Female,43
449,Finlay,Witherby,Male,58
450,Salli,Rennix,Female,21
451,Audie,Beyer,Female,45
452,Palmer,Zuann,Male,69
453,Deny,Floodgate,Female,35
454,Page,Gatheral,Female,68
455,Tad,Porrett,Male,45
456,Gran,Luca,Male,22
457,Francklyn,Mc Meekan,Male,14
458,Langston,Loud,Male,20
459,Warden,Drinkhill,Male,29
460,Garwin,Kille,Male,49
461,Honey,Rawne,Female,24
462,Lucille,McCafferky,Female,35
463,Anabel,Whates,Female,69
464,Aldin,Adhams,Male,16
465,Lonny,Corkill,Male,24
466,Viviyan,Giraudy,Female,26
467,Glen,Kay,Male,21
468,Homerus,Kinloch,Male,44
469,Dominica,Iacovini,Female,30
470,Steffen,Rooper,Male,66
471,Herschel,Murty,Male,41
472,Jerald,Zebedee,Male,14
473,Skipp,Wakely,Male,40
474,Zachariah,Hathaway,Male,24
475,Mayor,Terrazzo,Male,12
476,Willetta,Aldam,Female,27
477,Sherman,Penddreth,Male,16
478,Charleen,Allsebrook,Female,64
479,Gizela,Tyres,Female,55
480,Kacie,Sherar,Female,11
481,Jemmie,Collyear,Female,17
482,Berthe,Widd,Female,13
483,Kate,Biggins,Female,43
484,Eolande,Pauly,Female,38
485,Noemi,Glastonbury,Female,40
486,Bryn,Mingardo,Male,19
487,Julian,Simenot,Male,33
488,Anallise,Rykert,Female,10
489,Wilmar,Pryer,Male,57
490,Farley,Ast,Male,15
491,Montague,Kubis,Male,17
492,Klarrisa,Anand,Female,15
493,Vonny,Heald,Female,70
494,Vannie,Tordiffe,Female,67
495,Caitlin,Peak,Female,37
496,Stern,Enrico,Male,31
497,Yancy,Solon,Male,41
498,Binky,Groom,Male,35
499,Stavros,Waren,Male,22
500,Garrick,Canelas,Male,45
